scene,method,frames,mse,psnr,ssim,static_mse,moving_mae
scene_5,noisy,180,0.0001119475,39.512762,0.987196,772.6880591498,61.154353
scene_5,2dnr,180,0.0001119029,39.514500,0.987204,771.0677642822,61.154173
scene_5,dataset_3dnr,180,0.0000408669,43.887565,0.994776,156.3012516446,54.508473
scene_5,ghost3dnr,180,0.0002362611,36.892479,0.987991,100.8065654755,105.243540
