scene,method,frames,mse,psnr,ssim,static_mse,moving_mae
scene_8,noisy,240,0.0000410310,43.891387,0.992500,437.9327002207,20.055673
scene_8,2dnr,240,0.0000409453,43.900611,0.992522,436.0746248881,20.045088
scene_8,dataset_3dnr,240,0.0000094051,50.283510,0.997915,65.6130740801,18.277637
scene_8,ghost3dnr,240,0.0007024870,31.918382,0.965191,46.1636223714,201.790764
