scene,method,frames,mse,psnr,ssim,static_mse,moving_mae
scene_3,noisy,240,0.0001178926,39.296124,0.987389,767.0283836365,51.698314
scene_3,2dnr,240,0.0001178494,39.297732,0.987397,765.2275258382,51.694956
scene_3,dataset_3dnr,240,0.0000546319,42.775202,0.994305,118.4124928474,46.884057
scene_3,ghost3dnr,240,0.0068264377,26.902510,0.923597,97.7774804433,242.266574
