scene,method,frames,mse,psnr,ssim,static_mse,moving_mae
scene_6,noisy,240,0.0000410258,43.891966,0.992451,440.1199713389,20.116487
scene_6,2dnr,240,0.0000409403,43.901177,0.992473,438.2591294607,20.106058
scene_6,dataset_3dnr,240,0.0000094075,50.282210,0.997918,65.9987939676,18.375710
scene_6,ghost3dnr,240,0.0007026261,31.916342,0.965250,46.2823982875,201.614203
