scene,method,frames,mse,psnr,ssim,static_mse,moving_mae
scene_2,noisy,240,0.0001150096,39.399435,0.987249,761.1079317729,57.551153
scene_2,2dnr,240,0.0001149658,39.401097,0.987257,759.3097941081,57.549466
scene_2,dataset_3dnr,240,0.0000472493,43.356912,0.994538,124.7275249799,51.637983
scene_2,ghost3dnr,240,0.0040285454,33.223542,0.959358,99.7820681254,179.574676
