scene,method,frames,mse,psnr,ssim,static_mse,moving_mae
scene_1,noisy,240,0.0001704526,37.755257,0.987297,0.0000000000,54.346409
scene_1,2dnr,240,0.0001704159,37.756335,0.987304,0.0000000000,54.342885
scene_1,dataset_3dnr,240,0.0000868000,40.848679,0.994515,0.0000000000,48.773949
scene_1,ghost3dnr,240,0.0131534187,26.377730,0.859550,0.0000000000,216.388565
