scene,method,frames,mse,psnr,ssim,static_mse,moving_mae
scene_9,noisy,240,0.0000410349,43.891012,0.992285,451.6731666565,19.202961
scene_9,2dnr,240,0.0000409473,43.900440,0.992308,449.8725399017,19.186965
scene_9,dataset_3dnr,240,0.0000084514,50.747011,0.998004,69.1050962289,16.428715
scene_9,ghost3dnr,240,0.0001321511,40.110325,0.987126,45.3195952336,183.717925
