scene,method,frames,mse,psnr,ssim,static_mse,moving_mae
scene_4,noisy,240,0.0001152826,39.388237,0.987342,767.9245910645,53.679398
scene_4,2dnr,240,0.0001152386,39.389902,0.987350,766.1439252218,53.676941
scene_4,dataset_3dnr,240,0.0000483791,43.208758,0.994534,126.1856699944,48.370705
scene_4,ghost3dnr,240,0.0047457764,27.961529,0.938619,97.9522538503,219.417029
