scene,method,frames,mse,psnr,ssim,static_mse,moving_mae
scene_7,noisy,240,0.0000410261,43.891979,0.992241,451.9277861277,19.292248
scene_7,2dnr,240,0.0000409387,43.901384,0.992264,450.1269011180,19.276744
scene_7,dataset_3dnr,240,0.0000084520,50.746545,0.998003,69.5068493684,16.625973
scene_7,ghost3dnr,240,0.0001325032,40.101840,0.987097,45.3153463920,184.230765
